Workbook
Name Срез_Тарифный_план: #N/A

Sheet Лист ответов
B2: № | C2: ЗАДАНИЕ | D2: ОТВЕТ | F2: СТАТУС
A3: 1 | B3: 1 | C3: Вычислите общую сумму начислений для всех абонентов в тенге | D3: 3899.58 | F3: =IF(ISERROR(IF(ROUND(D3,2)=ROUND(O3,2),"Правильный ответ","Неправильный ответ")),"Неправильный ответ",IF(ROUND(D3,2)=ROUND(O3,2),"Правильный ответ","Неправильный ответ")) -> Правильный ответ | O3: 3899.58
A4: 2 | B4: =IF(C4="","",A4) -> 2 | C4: =IF(F3="Правильный ответ","Вычислите общую продолжительность разговоров для всех абонентов в секундах","") -> Вычислите общую продолжительность разговоров для всех абонентов в секундах | D4: 7883 | F4: =IF(ISERROR(IF(D4=D4,"Правильный ответ","Неправильный ответ")),"Неправильный ответ",IF(D4=O4,"Правильный ответ","Неправильный ответ")) -> Правильный ответ | O4: 7883
A5: 3 | B5: =IF(C5="","",A5) -> 3 | C5: =IF(F4="Правильный ответ","Вычислите общее количество звонков всех абонентов (одна строка = один звонок)","") -> Вычислите общее количество звонков всех абонентов (одна строка = один звонок) | D5: 623 | F5: =IF(ISERROR(IF(D5=D5,"Правильный ответ","Неправильный ответ")),"Неправильный ответ",IF(D5=O5,"Правильный ответ","Неправильный ответ")) -> Правильный ответ | O5: 623
A6: 4 | B6: =IF(C6="","",A6) -> 4 | C6: =IF(F5="Правильный ответ","Вычислите общую продолжительность разговоров для всех абонентов в минутах, округлив значение до десятичного знака (математическое округление)","") -> Вычислите общую продолжительность разговоров для всех абонентов в минутах, округлив значение до десятичного знака (математическое округление) | D6: 131.4 | F6: =IF(ISERROR(IF(D6=D6,"Правильный ответ","Неправильный ответ")),"Неправильный ответ",IF(D6=O6,"Правильный ответ","Неправильный ответ")) -> Правильный ответ | O6: 131.4
A7: 5 | B7: =IF(C7="","",A7) -> 5 | C7: =IF(F6="Правильный ответ","Вычислите сумму начислений для звонков внутри сети","") -> Вычислите сумму начислений для звонков внутри сети | D7: 3172.39 | F7: =IF(ISERROR(IF(ROUND(D7,2)=ROUND(O7,2),"Правильный ответ","Неправильный ответ")),"Неправильный ответ",IF(ROUND(D7,2)=ROUND(O7,2),"Правильный ответ","Неправильный ответ")) -> Правильный ответ | O7: 3172.39
A8: 6 | B8: =IF(C8="","",A8) -> 6 | C8: =IF(F7="Правильный ответ","Вычислите продолжительность разговоров на других операторов в секундах","") -> Вычислите продолжительность разговоров на других операторов в секундах | D8: 362 | F8: =IF(ISERROR(IF(D8=D8,"Правильный ответ","Неправильный ответ")),"Неправильный ответ",IF(D8=O8,"Правильный ответ","Неправильный ответ")) -> Правильный ответ | O8: 362
A9: 7 | B9: =IF(C9="","",A9) -> 7 | C9: =IF(F8="Правильный ответ","Вычислите общее количество звонков на тарифном плане 2 (одна строка = один звонок)","") -> Вычислите общее количество звонков на тарифном плане 2 (одна строка = один звонок) | D9: 66 | F9: =IF(ISERROR(IF(D9=D9,"Правильный ответ","Неправильный ответ")),"Неправильный ответ",IF(D9=O9,"Правильный ответ","Неправильный ответ")) -> Правильный ответ | O9: 66
A10: 8 | B10: =IF(C10="","",A10) -> 8 | C10: =IF(F9="Правильный ответ","Вычислите среднюю стоимость одной минуты разговора всех абонентов по всем направлениям и округлите ее до сотых (математическое округление)","") -> Вычислите среднюю стоимость одной минуты разговора всех абонентов по всем направлениям и округлите ее до сотых (математическое округление) | D10: 29.68 | F10: =IF(ISERROR(IF(D10=D10,"Правильный ответ","Неправильный ответ")),"Неправильный ответ",IF(D10=O10,"Правильный ответ","Неправильный ответ")) -> Правильный ответ | O10: 29.68
A11: 9 | B11: =IF(C11="","",A11) -> 9 | C11: =IF(F10="Правильный ответ","Вычислите среднюю продолжительность одного звонка всех абонентов по всем направлениям в секундах и округлите ее до целого числа (математическое округление)","") -> Вычислите среднюю продолжительность одного звонка всех абонентов по всем направлениям в секундах и округлите ее до целого числа (математическое округление) | D11: 13 | F11: =IF(ISERROR(IF(D11=D11,"Правильный ответ","Неправильный ответ")),"Неправильный ответ",IF(D11=O11,"Правильный ответ","Неправильный ответ")) -> Правильный ответ | O11: 13
A12: 10 | B12: =IF(C12="","",A12) -> 10 | C12: =IF(F11="Правильный ответ","Вычислите сумму продолжительности разговоров в секундах на городской для тарифного плана 5","") -> Вычислите сумму продолжительности разговоров в секундах на городской для тарифного плана 5 | D12: 33 | F12: =IF(ISERROR(IF(D12=D12,"Правильный ответ","Неправильный ответ")),"Неправильный ответ",IF(D12=O12,"Правильный ответ","Неправильный ответ")) -> Правильный ответ | O12: 33
A13: 11 | B13: =IF(C13="","",A13) -> 11 | C13: =IF(F12="Правильный ответ","Вычислите количество звонков на межнар для тарифного плана 1","") -> Вычислите количество звонков на межнар для тарифного плана 1 | D13: 6 | F13: =IF(ISERROR(IF(D13=D13,"Правильный ответ","Неправильный ответ")),"Неправильный ответ",IF(D13=O13,"Правильный ответ","Неправильный ответ")) -> Правильный ответ | O13: 6
A14: 12 | B14: =IF(C14="","",A14) -> 12 | C14: =IF(F13="Правильный ответ","Вычислите долю продолжительности внутрисетевых звонков от всех звонков. Округлите до сотых в процентах","") -> Вычислите долю продолжительности внутрисетевых звонков от всех звонков. Округлите до сотых в процентах | D14: 0.9155 | F14: =IF(ISERROR(IF(D14=D14,"Правильный ответ","Неправильный ответ")),"Неправильный ответ",IF(D14=O14,"Правильный ответ","Неправильный ответ")) -> Правильный ответ | O14: 0.9155
A15: 13 | B15: =IF(C15="","",A15) -> 13 | C15: =IF(F14="Правильный ответ","Вычислите долю начислений тарифного плана 1 от общих начислений по всем тарифам. Округлите до сотых в процентах","") -> Вычислите долю начислений тарифного плана 1 от общих начислений по всем тарифам. Округлите до сотых в процентах | D15: 0.3642 | F15: =IF(ISERROR(IF(D15=D15,"Правильный ответ","Неправильный ответ")),"Неправильный ответ",IF(D15=O15,"Правильный ответ","Неправильный ответ")) -> Правильный ответ | O15: 0.3642
A16: 14 | B16: =IF(C16="","",A16) -> 14 | C16: =IF(F15="Правильный ответ","Вычислите общее количество уникальных абонентов","") -> Вычислите общее количество уникальных абонентов | D16: 292 | F16: =IF(ISERROR(IF(D16=D16,"Правильный ответ","Неправильный ответ")),"Неправильный ответ",IF(D16=O16,"Правильный ответ","Неправильный ответ")) -> Правильный ответ | O16: 292
A17: 15 | B17: =IF(C17="","",A17) -> 15 | C17: =IF(F16="Правильный ответ","Укажите общее количество уникальных пользователей внутрисетевых звонков","") -> Укажите общее количество уникальных пользователей внутрисетевых звонков | D17: 290 | F17: =IF(ISERROR(IF(D17=D17,"Правильный ответ","Неправильный ответ")),"Неправильный ответ",IF(D17=O17,"Правильный ответ","Неправильный ответ")) -> Правильный ответ | O17: 290
A18: 16 | B18: =IF(C18="","",A18) -> 16 | C18: =IF(F17="Правильный ответ","Укажите общее количество уникальных абонентов на тарифном плане 6","") -> Укажите общее количество уникальных абонентов на тарифном плане 6 | D18: 63 | F18: =IF(ISERROR(IF(D18=D18,"Правильный ответ","Неправильный ответ")),"Неправильный ответ",IF(D18=O18,"Правильный ответ","Неправильный ответ")) -> Правильный ответ | O18: 63
A19: 17 | B19: =IF(C19="","",A19) -> 17 | C19: =IF(F18="Правильный ответ","Вычислите долю уникальных абонентов тарифного плана 2 от общего количества уникальных абонентов по всем тарифам. Округлите до сотых","") -> Вычислите долю уникальных абонентов тарифного плана 2 от общего количества уникальных абонентов по всем тарифам. Округлите до сотых | D19: 0.1096 | F19: =IF(ISERROR(IF(D19=D19,"Правильный ответ","Неправильный ответ")),"Неправильный ответ",IF(D19=O19,"Правильный ответ","Неправильный ответ")) -> Правильный ответ | O19: 0.1096
A20: 18 | B20: =IF(C20="","",A20) -> 18 | C20: =IF(F19="Правильный ответ","Рассчитайте средние начисления в тенге на одного уникального абонента, округлите значение до сотых","") -> Рассчитайте средние начисления в тенге на одного уникального абонента, округлите значение до сотых | D20: 13.35 | F20: =IF(ISERROR(IF(D20=D20,"Правильный ответ","Неправильный ответ")),"Неправильный ответ",IF(D20=O20,"Правильный ответ","Неправильный ответ")) -> Правильный ответ | O20: 13.35
A21: 19 | B21: =IF(C21="","",A21) -> 19 | C21: =IF(F20="Правильный ответ","Рассчитайте среднюю продолжительность разговоров одного уникального абонента в минутах, округлите значение до десятых","") -> Рассчитайте среднюю продолжительность разговоров одного уникального абонента в минутах, округлите значение до десятых | D21: 0.4 | F21: =IF(ISERROR(IF(D21=D21,"Правильный ответ","Неправильный ответ")),"Неправильный ответ",IF(D21=O21,"Правильный ответ","Неправильный ответ")) -> Правильный ответ | O21: 0.4
A22: 20 | B22: =IF(C22="","",A22) -> 20 | C22: =IF(F21="Правильный ответ","Укажите продолжительность разговоров на тарифном плане, на котором сидит абонент 77010000055","") -> Укажите продолжительность разговоров на тарифном плане, на котором сидит абонент 77010000055 | D22: 76 | F22: =IF(ISERROR(IF(D22=D22,"Правильный ответ","Неправильный ответ")),"Неправильный ответ",IF(D22=O22,"Правильный ответ","Неправильный ответ")) -> Неправильный ответ | O22: 2705
A23: 21 | B23: =IF(C23="","",A23) | C23: =IF(F22="Правильный ответ","Укажите абонента, у которого наибольшее начисление","") | F23: =IF(ISERROR(IF(D23=D23,"Правильный ответ","Неправильный ответ")),"Неправильный ответ",IF(D23=O23,"Правильный ответ","Неправильный ответ")) -> Неправильный ответ | O23: 77010000109
A24: 22 | B24: =IF(C24="","",A24) | C24: =IF(F23="Правильный ответ","Укажите абонента, у которого наибольшая продолжительность разговоров на тарифном плане 5","") | F24: =IF(ISERROR(IF(D24=D24,"Правильный ответ","Неправильный ответ")),"Неправильный ответ",IF(D24=O24,"Правильный ответ","Неправильный ответ")) -> Неправильный ответ | O24: 77010000211
A25: 23 | B25: =IF(C25="","",A25) | C25: =IF(F24="Правильный ответ","Укажите абонента, который на 7 месте по общей сумме начислений","") | F25: =IF(ISERROR(IF(D25=D25,"Правильный ответ","Неправильный ответ")),"Неправильный ответ",IF(D25=O25,"Правильный ответ","Неправильный ответ")) -> Неправильный ответ | O25: 77010000133
A26: 24 | B26: =IF(C26="","",A26) | C26: =IF(F25="Правильный ответ","Какое направление не используется абонентами тарифного плана 6 (ответов может быть несколько, вписывать через запятую)","") | D26: {=_xlfn.TEXTJOIN("; ",TRUE,_xlfn._xlws.FILTER(_xlfn.UNIQUE('База данных'!C:C),ISNA(MATCH(_xlfn.UNIQUE('База данных'!C:C),_xlfn.UNIQUE(_xlfn._xlws.FILTER('База данных'!C:C,'База данных'!B:B="6")),0))))} -> #VALUE! | F26: =IF(ISERROR(IF(OR(UPPER(TRIM(LEFT(D26,SEARCH(",",D26,1)-1)))&","&UPPER(TRIM(RIGHT(D26,LEN(D26)-SEARCH(",",D26,1))))=O26&","&P26,UPPER(TRIM(LEFT(D26,SEARCH(",",D26,1)-1)))&","&UPPER(TRIM(RIGHT(D26,LEN(D26)-SEARCH(",",D26,1))))=P26&","&O26),"Правильный ответ","Неправильный ответ")),"Неправильный ответ",IF(OR(UPPER(TRIM(LEFT(D26,SEARCH(",",D26,1)-1)))&","&UPPER(TRIM(RIGHT(D26,LEN(D26)-SEARCH(",",D26,1))))=O26&","&P26,UPPER(TRIM(LEFT(D26,SEARCH(",",D26,1)-1)))&","&UPPER(TRIM(RIGHT(D26,LEN(D26)-SEARCH(",",D26,1))))=P26&","&O26),"Правильный ответ","Неправильный ответ")) -> Неправильный ответ | O26: НА ГОРОДСКОЙ | P26: ДРУГОЕ
C27: =IF(F26="Правильный ответ","Тест пройден. Поздравляем!","") | D27: =SUMIF('База данных'!B:B, VLOOKUP(77010000055, 'База данных'!A:B, 2, 0), 'База данных'!E:E) -> 2705

Sheet Лист1
A1: Тарифный план | B1: (Все)
A2: Абонент | B2: (Все)
A4: Количество по полю Абонент | B4: Сумма по полю Тарифный план
A5: 623 | B5: 1943

Sheet База данных
A1: Абонент | B1: Тарифный план | C1: Направление звонка | D1: Начисления, тенге | E1: Продолжительность разговора, секунды | F1: Сумма
A2: 77010000068 | B2: 1 | C2: Внутри сети | D2: 0 | E2: 0 | F2: =D2*E2 -> 0 | G2: =E2/60 -> 0 | H2: =COUNTIF(C:C,C2) -> 571 | I2: =_xlfn.UNIQUE(A2,$A:$A,A2) -> 77010000068 | J2: {=Д} -> #NAME? | K2: =ROUND(SUM(D2:D1000)/COUNT(_xlfn.UNIQUE(A2:A1000)), 2) -> 13.35 | L2: =ROUND(SUM(G2:G1000)/COUNT(_xlfn.UNIQUE(A2:A1000)), 2) -> 0.45
A3: 77010000001 | B3: 1 | C3: Внутри сети | D3: 0.43 | E3: 1 | F3: =D3*E3 -> 0.43 | G3: =E3/60 -> 0.016666667 | H3: 6 | I3: =_xlfn.UNIQUE(A3,$A:$A,A3) -> 77010000001
A4: 77010000003 | B4: 1 | C4: Внутри сети | D4: 0.43 | E4: 1 | F4: =D4*E4 -> 0.43 | G4: =E4/60 -> 0.016666667 | I4: =_xlfn.UNIQUE(A4,$A:$A,A4) -> 77010000003
A5: 77010000004 | B5: 1 | C5: Внутри сети | D5: 0.43 | E5: 1 | F5: =D5*E5 -> 0.43 | G5: =E5/60 -> 0.016666667 | I5: =_xlfn.UNIQUE(A5,$A:$A,A5) -> 77010000004 | K5: =SUMIF(A2:A624,A135,E2:E624) -> 76
A6: 77010000008 | B6: 1 | C6: Внутри сети | D6: 0.43 | E6: 1 | F6: =D6*E6 -> 0.43 | G6: =E6/60 -> 0.016666667 | I6: =_xlfn.UNIQUE(A6,$A:$A,A6) -> 77010000008
A7: 77010000052 | B7: 1 | C7: Внутри сети | D7: 0.43 | E7: 1 | F7: =D7*E7 -> 0.43 | G7: =E7/60 -> 0.016666667 | I7: =_xlfn.UNIQUE(A7,$A:$A,A7) -> 77010000052
A8: 77010000060 | B8: 1 | C8: Внутри сети | D8: 0.43 | E8: 1 | F8: =D8*E8 -> 0.43 | G8: =E8/60 -> 0.016666667 | I8: =_xlfn.UNIQUE(A8,$A:$A,A8) -> 77010000060
A9: 77010000046 | B9: 1 | C9: Внутри сети | D9: 0.43 | E9: 1 | F9: =D9*E9 -> 0.43 | G9: =E9/60 -> 0.016666667 | I9: =_xlfn.UNIQUE(A9,$A:$A,A9) -> 77010000046
A10: 77010000054 | B10: 1 | C10: Внутри сети | D10: 0.43 | E10: 1 | F10: =D10*E10 -> 0.43 | G10: =E10/60 -> 0.016666667 | I10: =_xlfn.UNIQUE(A10,$A:$A,A10) -> 77010000054
A11: 77010000062 | B11: 1 | C11: Внутри сети | D11: 0.43 | E11: 1 | F11: =D11*E11 -> 0.43 | G11: =E11/60 -> 0.016666667 | I11: =_xlfn.UNIQUE(A11,$A:$A,A11) -> 77010000062
A12: 77010000065 | B12: 1 | C12: Внутри сети | D12: 0.43 | E12: 1 | F12: =D12*E12 -> 0.43 | G12: =E12/60 -> 0.016666667 | I12: =_xlfn.UNIQUE(A12,$A:$A,A12) -> 77010000065
A13: 77010000066 | B13: 1 | C13: Внутри сети | D13: 0.43 | E13: 1 | F13: =D13*E13 -> 0.43 | G13: =E13/60 -> 0.016666667 | I13: =_xlfn.UNIQUE(A13,$A:$A,A13) -> 77010000066
A14: 77010000063 | B14: 1 | C14: На других операторов | D14: 7.43 | E14: 1 | F14: =D14*E14 -> 7.43 | G14: =E14/60 -> 0.016666667 | I14: =_xlfn.UNIQUE(A14,$A:$A,A14) -> 77010000063
A15: 77010000066 | B15: 1 | C15: Внутри сети | D15: 0.43 | E15: 1 | F15: =D15*E15 -> 0.43 | G15: =E15/60 -> 0.016666667 | I15: =_xlfn.UNIQUE(A15,$A:$A,A15) -> 77010000066
A16: 77010000045 | B16: 1 | C16: Внутри сети | D16: 0.43 | E16: 1 | F16: =D16*E16 -> 0.43 | G16: =E16/60 -> 0.016666667 | I16: =_xlfn.UNIQUE(A16,$A:$A,A16) -> 77010000045
A17: 77010000082 | B17: 1 | C17: Внутри сети | D17: 0.43 | E17: 1 | F17: =D17*E17 -> 0.43 | G17: =E17/60 -> 0.016666667 | I17: =_xlfn.UNIQUE(A17,$A:$A,A17) -> 77010000082
... A379: 77010000192 | B379: 5 | C379: Внутри сети | D379: 0.43 | E379: 1 | F379: =D379*E379 -> 0.43 | G379: =E379/60 -> 0.016666667 | I379: =_xlfn.UNIQUE(A379,$A:$A,A379) -> 77010000192
A380: 77010000224 | B380: 5 | C380: Внутри сети | D380: 0.43 | E380: 1 | F380: =D380*E380 -> 0.43 | G380: =E380/60 -> 0.016666667 | H380: =SUMIF(B:B, VLOOKUP(77010000055, 'База данных'!A:B, 2, 0),E:E) -> 2705 | I380: =_xlfn.UNIQUE(A380,$A:$A,A380) -> 77010000224
A381: 77010000227 | B381: 5 | C381: Внутри сети | D381: 0.43 | E381: 1 | F381: =D381*E381 -> 0.43 | G381: =E381/60 -> 0.016666667 | I381: =_xlfn.UNIQUE(A381,$A:$A,A381) -> 77010000227
A382: 77010000209 | B382: 5 | C382: Внутри сети | D382: 0.43 | E382: 1 | F382: =D382*E382 -> 0.43 | G382: =E382/60 -> 0.016666667 | I382: =_xlfn.UNIQUE(A382,$A:$A,A382) -> 77010000209
A383: 77010000216 | B383: 5 | C383: Внутри сети | D383: 0.43 | E383: 1 | F383: =D383*E383 -> 0.43 | G383: =E383/60 -> 0.016666667 | I383: =_xlfn.UNIQUE(A383,$A:$A,A383) -> 77010000216
A384: 77010000236 | B384: 5 | C384: Внутри сети | D384: 0.43 | E384: 1 | F384: =D384*E384 -> 0.43 | G384: =E384/60 -> 0.016666667 | I384: =_xlfn.UNIQUE(A384,$A:$A,A384) -> 77010000236
A385: 77010000235 | B385: 5 | C385: Внутри сети | D385: 0.43 | E385: 1 | F385: =D385*E385 -> 0.43 | G385: =E385/60 -> 0.016666667 | I385: =_xlfn.UNIQUE(A385,$A:$A,A385) -> 77010000235
A386: 77010000165 | B386: 5 | C386: Внутри сети | D386: 0.85 | E386: 2 | F386: =D386*E386 -> 1.7 | G386: =E386/60 -> 0.033333333 | I386: =_xlfn.UNIQUE(A386,$A:$A,A386) -> 77010000165
A387: 77010000163 | B387: 5 | C387: На городской | D387: 7.43 | E387: 2 | F387: =D387*E387 -> 14.86 | G387: =E387/60 -> 0.033333333 | I387: =_xlfn.UNIQUE(A387,$A:$A,A387) -> 77010000163
A388: 77010000173 | B388: 5 | C388: Внутри сети | D388: 0.85 | E388: 2 | F388: =D388*E388 -> 1.7 | G388: =E388/60 -> 0.033333333 | H388: {=G} -> #NAME? | I388: =_xlfn.UNIQUE(A388,$A:$A,A388) -> 77010000173
A389: 77010000177 | B389: 5 | C389: Внутри сети | D389: 0.85 | E389: 2 | F389: =D389*E389 -> 1.7 | G389: =E389/60 -> 0.033333333 | I389: =_xlfn.UNIQUE(A389,$A:$A,A389) -> 77010000177
A390: 77010000186 | B390: 5 | C390: Внутри сети | D390: 0.85 | E390: 2 | F390: =D390*E390 -> 1.7 | G390: =E390/60 -> 0.033333333 | I390: =_xlfn.UNIQUE(A390,$A:$A,A390) -> 77010000186
A391: 77010000189 | B391: 5 | C391: Внутри сети | D391: 0.85 | E391: 2 | F391: =D391*E391 -> 1.7 | G391: =E391/60 -> 0.033333333 | I391: =_xlfn.UNIQUE(A391,$A:$A,A391) -> 77010000189
A392: 77010000187 | B392: 5 | C392: Внутри сети | D392: 0.85 | E392: 2 | F392: =D392*E392 -> 1.7 | G392: =E392/60 -> 0.033333333 | I392: =_xlfn.UNIQUE(A392,$A:$A,A392) -> 77010000187
A393: 77010000192 | B393: 5 | C393: Внутри сети | D393: 0.85 | E393: 2 | F393: =D393*E393 -> 1.7 | G393: =E393/60 -> 0.033333333 | I393: =_xlfn.UNIQUE(A393,$A:$A,A393) -> 77010000192
A394: 77010000237 | B394: 5 | C394: Внутри сети | D394: 0.85 | E394: 2 | F394: =D394*E394 -> 1.7 | G394: =E394/60 -> 0.033333333 | I394: =_xlfn.UNIQUE(A394,$A:$A,A394) -> 77010000237
A395: 77010000237 | B395: 5 | C395: Внутри сети | D395: 0.85 | E395: 2 | F395: =D395*E395 -> 1.7 | G395: =E395/60 -> 0.033333333 | I395: =_xlfn.UNIQUE(A395,$A:$A,A395) -> 77010000237
A396: 77010000168 | B396: 5 | C396: Внутри сети | D396: 1.28 | E396: 3 | F396: =D396*E396 -> 3.84 | G396: =E396/60 -> 0.05 | I396: =_xlfn.UNIQUE(A396,$A:$A,A396) -> 77010000168
A397: 77010000171 | B397: 5 | C397: Внутри сети | D397: 1.28 | E397: 3 | F397: =D397*E397 -> 3.84 | G397: =E397/60 -> 0.05 | I397: =_xlfn.UNIQUE(A397,$A:$A,A397) -> 77010000171
A398: 77010000185 | B398: 5 | C398: Внутри сети | D398: 1.28 | E398: 3 | F398: =D398*E398 -> 3.84 | G398: =E398/60 -> 0.05 | I398: =_xlfn.UNIQUE(A398,$A:$A,A398) -> 77010000185
A399: 77010000199 | B399: 5 | C399: Внутри сети | D399: 1.28 | E399: 3 | F399: =D399*E399 -> 3.84 | G399: =E399/60 -> 0.05 | I399: =_xlfn.UNIQUE(A399,$A:$A,A399) -> 77010000199
A400: 77010000223 | B400: 5 | C400: Внутри сети | D400: 1.28 | E400: 3 | F400: =D400*E400 -> 3.84 | G400: =E400/60 -> 0.05 | I400: =_xlfn.UNIQUE(A400,$A:$A,A400) -> 77010000223
... A624: 77010000246 | B624: 6 | C624: На других операторов | D624: 22.3 | E624: 24 | F624: =D624*E624 -> 535.2 | G624: =E624/60 -> 0.4 | I624: =_xlfn.UNIQUE(A624,$A:$A,A624) -> 77010000246

Sheet Sheet2
A1: =VLOOKUP(77010000055,'База данных'!A:B,2,FALSE) -> 1
A2: =SUMIF('База данных'!B:B,"1",'База данных'!E:E) -> 2705
A3: {=INDEX('База данных'!A:A,MATCH(MAX(_xlfn._xlws.FILTER(SUMIF('База данных'!A:A,'База данных'!A:A,'База данных'!E:E),'База данных'!B:B="5")),SUMIF('База данных'!A:A,'База данных'!A:A,'База данных'!E:E),0))} -> #VALUE!
